<?xml version="1.0" encoding="UTF-8" standalone="no"?>
<plan>
  <dayDef>
    <name id="Mo">Montag</name>
    <name id="Di">Dienstag</name>
    <name id="Mi">Mittwoch</name>
    <name id="Do">Donnerstag</name>
    <name id="Fr">Freitag</name>
  </dayDef>
  <topicDefs>
    <topicDef id="ILA">
      <descr>Individuelles Lernangebot</descr>
      <style>#ffff99</style>
    </topicDef>
    <topicDef id="HU">
      <descr>Hauptunterricht</descr>
      <style>#ffff99</style>
    </topicDef>
    <topicDef id="LA">
      <descr>Lernatelier</descr>
      <style>#ffff99</style>
    </topicDef>
    <topicDef id="HA">
      <descr>Handarbeit</descr>
      <style>#aa3333</style>
    </topicDef>
    <topicDef id="Ku">
      <descr>Kunstunterricht</descr>
      <style>#aa6666</style>
    </topicDef>
    <topicDef id="Sp">
      <descr>Sprachunterricht</descr>
      <style>#dd3344</style>
    </topicDef>
    <topicDef id="ISp">
      <descr>Individuelles Fremdsprachangebot</descr>
      <style>#dd3333</style>
    </topicDef>
    <topicDef id="PV">
      <descr>Prüfungsvorbereitung</descr>
      <style>#33dd33</style>
    </topicDef>
    <topicDef id="Essen">
      <descr>Essen</descr>
      <style>#aaaaaa</style>
    </topicDef>
    <topicDef id="Tu">
      <descr>Turnen und Zirus</descr>
      <style>#5555ff</style>
    </topicDef>
    <topicDef id="Club">
      <descr>Club</descr>
      <style>#eeeeee</style>
    </topicDef>
  </topicDefs>
  <teacherDefs>
    <teacherDef id="ks">
      <descr>Kerstin Schubert</descr>
      <style>2px solid #00ff00</style>
    </teacherDef>
    <teacherDef id="lg">
      <descr>Lisa Gersbach</descr>
      <style>2px solid #00ffff</style>
    </teacherDef>
     <teacherDef id="bg">
      <descr>Bea Gutswiler</descr>
      <style>2px solid #88ffff</style>
    </teacherDef>
     <teacherDef id="sb">
      <descr>Silvia Boss</descr>
      <style>2px solid #008888</style>
    </teacherDef>
     <teacherDef id="at">
      <descr>Aline Del Torre</descr>
      <style>2px solid #008800</style>
    </teacherDef>
    <teacherDef id="mm">
      <descr>Miss Merkl</descr>
      <style>2px solid #000088</style>
    </teacherDef>
     <teacherDef id="ws">
      <descr>Wolfgang Stammen</descr>
      <style>2px solid #004400</style>
    </teacherDef>
     <teacherDef id="khs">
      <descr>Karlheinz Schubert</descr>
      <style>2px solid #0000ff</style>
    </teacherDef>
  </teacherDefs>
  <groupDefs>
    <groupDef id="A">
      <descr>Kl.6a</descr>
      <members>Marc, David, Brain</members>
      <style></style>
    </groupDef>
    <groupDef id="B">
      <descr>Kl.6b</descr>
      <members>Nora, Pia, Scholastica, Giulia, Noah, Samuel, Thomas, Fabian, Pascal, Severin </members>
      <style></style>
    </groupDef>
    <groupDef id="C">
      <descr>Kl.5</descr>
      <members>Nikolai, Ramon, Deliah, Aleander</members>
      <style></style>
    </groupDef>
    <groupDef id="D">
      <descr>Kl.4</descr>
      <members>Marc, Noe, Quirin</members>
      <style></style>
    </groupDef>
  </groupDefs>
  
  <table colsPerDay="3" rowsInPlan="15">

    <line id="1">
      <style>35</style>
      <scedule>7:00</scedule>
      <days>
        <day id="Mo">
          <atom>
            <topic>ILA</topic>
            <groups>A</groups>
            <teachers>ks</teachers>
          </atom>
          <atom>
            <topic>ILA</topic>
            <groups>B</groups>
            <teachers>ks</teachers>
          </atom>
          <atom>
            <topic>ILA</topic>
            <groups>C</groups>
            <teachers>ks</teachers>
          </atom>
        </day>
        <day id="Di">
          <atom>
            <topic>ILA</topic>
            <groups>A</groups>
            <teachers>ks</teachers>
          </atom>
          <atom>
            <topic>ILA</topic>
            <groups>B</groups>
            <teachers>ks</teachers>
          </atom>
          <atom>
            <topic>ILA</topic>
            <groups>C</groups>
            <teachers>ks</teachers>
          </atom>
        </day>
        <day id="Mi">
          <atom>
            <topic>ILA</topic>
            <groups>A</groups>
            <teachers>ks</teachers>
          </atom>
          <atom>
            <topic>ILA</topic>
            <groups>B</groups>
            <teachers>ks</teachers>
          </atom>
          <atom>
            <topic>ILA</topic>
            <groups>C</groups>
            <teachers>ks</teachers>
          </atom>
        </day>
        <day id="Do">
          <atom>
            <topic>ILA</topic>
            <groups>A</groups>
            <teachers>ks</teachers>
          </atom>
          <atom>
            <topic>ILA</topic>
            <groups>B</groups>
            <teachers>ks</teachers>
          </atom>
          <atom>
            <topic>ILA</topic>
            <groups>C</groups>
            <teachers>ks</teachers>
          </atom>
        </day>
        <day id="Fr">
          <atom>
            <topic>ILA</topic>
            <groups>A</groups>
            <teachers>ks</teachers>
          </atom>
          <atom>
            <topic>ILA</topic>
            <groups>B</groups>
            <teachers>ks</teachers>
          </atom>
          <atom>
            <topic>ILA</topic>
            <groups>C</groups>
            <teachers>ks</teachers>
          </atom>
        </day>
      </days>
    </line>
    <line id="2">
      <style>35</style>
      <scedule>8:15</scedule>
      <days>
        <day id="Mo">
          <atom>
            <topic>Sp</topic>
            <groups>A</groups>
            <teachers>at</teachers>
          </atom>
          <atom>
            <topic>HU</topic>
            <groups>B,C</groups>
            <teachers>ks</teachers>
          </atom>
        </day>
        <day id="Di">
          <atom>
            <topic>Sp</topic>
            <groups>A</groups>
            <teachers>at</teachers>
          </atom>
          <atom>
            <topic>HA</topic>
            <groups>B,C</groups>
            <teachers>lg</teachers>
          </atom>
        </day>
        <day id="Mi">
          <atom>
            <topic>Sp</topic>
            <groups>A</groups>
            <teachers>at</teachers>
          </atom>
          <atom>
            <topic>Sp</topic>
            <groups>B</groups>
            <teachers>sb</teachers>
          </atom>
          <atom>
            <topic>HU</topic>
            <groups>C</groups>
            <teachers>ks</teachers>
          </atom>
        </day>
        <day id="Do">
          <atom>
            <topic>Ku</topic>
            <groups>A</groups>
            <teachers>ws</teachers>
          </atom>
          <atom>
            <topic>Sp</topic>
            <groups>B</groups>
            <teachers>sb</teachers>
          </atom>
          <atom>
            <topic>Sp</topic>
            <groups>C</groups>
            <teachers>at</teachers>
          </atom>
        </day>
        <day id="Fr">
          <atom>
            <topic>Sp</topic>
            <groups>A</groups>
            <teachers>at</teachers>
          </atom>
          <atom>
            <topic>HU</topic>
            <groups>B,C</groups>
            <teachers>ks</teachers>
          </atom>
        </day>
      </days>
    </line>
    <line id="3">
      <style>35</style>
      <scedule>9:15</scedule>
      <days>
        <day id="Mo">
          <atom>
            <topic>HU</topic>
            <groups>A</groups>
            <teachers>ks</teachers>
          </atom>
          <atom>
            <topic>Sp</topic>
            <groups>B</groups>
            <teachers>at</teachers>
          </atom>
          <atom>
            <topic>HA</topic>
            <groups>C</groups>
            <teachers>lg</teachers>
          </atom>
        </day>
        <day id="Di">
          <atom>
            <topic>HA</topic>
            <groups>A</groups>
            <teachers>lg</teachers>
          </atom>
          <atom>
            <topic>Sp</topic>
            <groups>B</groups>
            <teachers>at</teachers>
          </atom>
          <atom>
            <topic>HA</topic>
            <groups>C</groups>
            <teachers>lg</teachers>
          </atom>
        </day>
        <day id="Mi">
          <atom>
            <topic>HU</topic>
            <groups>A</groups>
            <teachers>ks</teachers>
          </atom>
          <atom>
            <topic>Sp</topic>
            <groups>B</groups>
            <teachers>at</teachers>
          </atom>
          <atom>
            <topic>Sp</topic>
            <groups>C</groups>
            <teachers>sb</teachers>
          </atom>
        </day>
        <day id="Do">
          <atom>
            <topic>Ku</topic>
            <groups>A</groups>
            <teachers>ws</teachers>
          </atom>
          <atom>
            <topic>Sp</topic>
            <groups>B</groups>
            <teachers>at</teachers>
          </atom>
          <atom>
            <topic>Sp</topic>
            <groups>C</groups>
            <teachers>sb</teachers>
          </atom>
        </day>
        <day id="Fr">
          <atom>
            <topic>HU</topic>
            <groups>A,C</groups>
            <teachers>ks</teachers>
          </atom>
          <atom>
            <topic>Sp</topic>
            <groups>B</groups>
            <teachers>at</teachers>
          </atom>
        </day>
      </days>
    </line>
    <line id="4">
      <style>35</style>
      <scedule>10:30</scedule>
      <days>
        <day id="Mo">
          <atom>
            <topic>HU</topic>
            <groups>A</groups>
            <teachers>ks</teachers>
          </atom>
          <atom>
            <topic>HA</topic>
            <groups>B</groups>
            <teachers>lg</teachers>
          </atom>
          <atom>
            <topic>Sp</topic>
            <groups>C</groups>
            <teachers>at</teachers>
          </atom>
        </day>
        <day id="Di">
          <atom>
            <topic>HA</topic>
            <groups>A</groups>
            <teachers>lg</teachers>
          </atom>
          <atom>
            <topic>HU</topic>
            <groups>B</groups>
            <teachers>ks</teachers>
          </atom>
          <atom>
            <topic>Sp</topic>
            <groups>C</groups>
            <teachers>at</teachers>
          </atom>
        </day>
        <day id="Mi">
          <atom>
            <topic>Sp</topic>
            <groups>A</groups>
            <teachers>sb</teachers>
          </atom>
          <atom>
            <topic>HU</topic>
            <groups>B</groups>
            <teachers>ks</teachers>
          </atom>
          <atom>
            <topic>Sp</topic>
            <groups>C</groups>
            <teachers>at</teachers>
          </atom>
        </day>
        <day id="Do">
          <atom>
            <topic>Sp</topic>
            <groups>A</groups>
            <teachers>sb</teachers>
          </atom>
          <atom>
            <topic>HU</topic>
            <groups>B,C</groups>
            <teachers>ks</teachers>
          </atom>
        </day>
        <day id="Fr">
          <atom>
            <topic>HU</topic>
            <groups>A,B</groups>
            <teachers>ks</teachers>
          </atom>
          <atom>
            <topic>Sp</topic>
            <groups>C</groups>
            <teachers>at</teachers>
          </atom>
        </day>
      </days>
    </line>
    <line id="5">
      <style>35</style>
      <scedule>11:30</scedule>
      <days>
        <day id="Mo">
          <atom>
            <topic>HU</topic>
            <groups>A,B,C</groups>
            <teachers>ks</teachers>
          </atom>
        </day>
        <day id="Di">
          <atom>
            <topic>HU</topic>
            <groups>A,B,C</groups>
            <teachers>ks</teachers>
          </atom>
        </day>
        <day id="Mi">
          <atom>
            <topic>HU</topic>
            <groups>A,B,C</groups>
            <teachers>ks</teachers>
          </atom>
        </day>
        <day id="Do">
          <atom>
            <topic>HU</topic>
            <groups>A,B,C</groups>
            <teachers>ks</teachers>
          </atom>
        </day>
        <day id="Fr">
          <atom>
            <topic>HU</topic>
            <groups>A,B,C</groups>
            <teachers>ks</teachers>
          </atom>
        </day>
      </days>
    </line>
    <line id="6">
      <style>35</style>
      <scedule>12:10
Mittag</scedule>
      <days>
        <day id="Mo">
          <atom>
            <topic>Essen</topic>
            <groups>A,B,C</groups>
          </atom>
        </day>
        <day id="Di">
          <atom>
            <topic>Essen</topic>
            <groups>A,B,C</groups>
          </atom>
        </day>
        <day id="Mi">
          <atom>
            <topic>Essen</topic>
            <groups>A,B,C</groups>
          </atom>
        </day>
        <day id="Do">
          <atom>
            <topic>Essen</topic>
            <groups>A,B,C</groups>
          </atom>
        </day>
        <day id="Fr">
          <atom>
            <topic>Essen</topic>
            <groups>A,B,C</groups>
          </atom>
        </day>
      </days>
    </line>
    <line id="7">
      <style>35</style>
      <scedule>13:00</scedule>
      <days>
        <day id="Mo">
          <atom>
            <topic>HA</topic>
            <groups>A,B</groups>
            <teachers>lg</teachers>
          </atom>
        </day>
        <day id="Di">
          <atom>
            <topic>PV</topic>
            <groups>B</groups>
            <teachers>ks</teachers>
          </atom>
          <atom>
            <topic>HA</topic>
            <groups>C</groups>
            <teachers>lg</teachers>
          </atom>
        </day>
        <day id="Mi">
          <atom>
            <topic>PV</topic>
            <groups>B</groups>
            <teachers>ks</teachers>
          </atom>
        </day>
        <day id="Do">
          <atom>
            <topic>HU</topic>
            <groups>A</groups>
            <teachers>ks</teachers>
          </atom>
          <atom>
            <topic>Ku</topic>
            <groups>B,C</groups>
            <teachers>ws</teachers>
          </atom>
        </day>
        <day id="Fr">
          <atom>
            <topic>ILA</topic>
            <groups>A</groups>
            <teachers>ks</teachers>
          </atom>
          <atom>
            <topic>Tu</topic>
            <groups>B,C</groups>
            <teachers>khs</teachers>
          </atom>
        </day>
      </days>
    </line>
    <line id="8">
      <style>35</style>
      <scedule>14:00</scedule>
      <days>
        <day id="Mo">
          <atom>
            <topic>HA</topic>
            <groups>A,B</groups>
            <teachers>lg</teachers>
          </atom>
        </day>
        <day id="Di">
          <atom>
            <topic>ISp</topic>
            <groups>B</groups>
            <teachers>bg</teachers>
          </atom>
          <atom>
            <topic>HU</topic>
            <groups>C</groups>
            <teachers>ks</teachers>
          </atom>
        </day>
        <day id="Mi">
          <atom>
            <topic>PV</topic>
            <groups>B</groups>
            <teachers>ks</teachers>
          </atom>
        </day>
        <day id="Do">
          <atom>
            <topic>HU</topic>
            <groups>A</groups>
            <teachers>ks</teachers>
          </atom>
          <atom>
            <topic>Ku</topic>
            <groups>B,C</groups>
            <teachers>ws</teachers>
          </atom>
        </day>
        <day id="Fr">
          <atom>
            <topic>Tu</topic>
            <groups>A,C</groups>
            <teachers>khs</teachers>
          </atom>
          <atom>
            <topic>ILA</topic>
            <groups>B</groups>
            <teachers>ks</teachers>
          </atom>
        </day>
      </days>
    </line>
    <line id="9">
      <style>35</style>
      <scedule>15:00</scedule>
      <days>
        <day id="Mo">
          <atom>
            <topic>Club</topic>
            <groups>A</groups>
          </atom>
          <atom>
            <topic>ISp</topic>
            <groups>B</groups>
            <teachers>bg</teachers>
          </atom>
        </day>
        <day id="Di">
          <atom>
            <topic>ISp</topic>
            <groups>B</groups>
            <teachers>bg</teachers>
          </atom>
          <atom>
            <topic>Club</topic>
            <groups>C</groups>
          </atom>
        </day>
        <day id="Mi">
          <atom>
            <topic>PV</topic>
            <groups>C</groups>
            <teachers>ks</teachers>
          </atom>
        </day>
        <day id="Do">
          <atom>
            <topic>PV</topic>
            <groups>B</groups>
            <teachers>ks</teachers>
          </atom>
          <atom>
            <topic>Club</topic>
            <groups>C</groups>
          </atom>
        </day>
        <day id="Fr">
          <atom>
            <topic>Tu</topic>
            <groups>A,B</groups>
            <teachers>khs</teachers>
          </atom>
          <atom>
            <topic>ILA</topic>
            <groups>C</groups>
            <teachers>ks</teachers>
          </atom>
        </day>
      </days>
    </line>
    <line id="10">
      <style>35</style>
      <scedule>16:00</scedule>
      <days>
        <day id="Mo">
          <atom>
            <topic>Club</topic>
            <groups>A</groups>
          </atom>
          <atom>
            <topic>ISp</topic>
            <groups>B</groups>
            <teachers>bg</teachers>
          </atom>
        </day>
        <day id="Di">
          <atom>
            <topic>Club</topic>
            <groups>C</groups>
          </atom>
        </day>
        <day id="Mi">
          <atom>
            <topic>PV</topic>
            <groups>C</groups>
            <teachers>ks</teachers>
          </atom>
        </day>
        <day id="Do">
          <atom>
            <topic>PV</topic>
            <groups>B</groups>
            <teachers>ks</teachers>
          </atom>
          <atom>
            <topic>Club</topic>
            <groups>C</groups>
          </atom>
        </day>
        <day id="Fr">
          <atom>
            <topic>Tu</topic>
            <groups>A,B,C</groups>
            <teachers>khs</teachers>
          </atom>
        </day>
      </days>
    </line>
    <line id="11">
      <style>12</style>
      <scedule>17:00</scedule>
    </line>

  </table>
</plan>
